{
  "basic_stats": {
    "total_comparisons": 50,
    "successful_comparisons": 50,
    "success_rate": 1.0
  },
  "position_bias": {
    "total_choices": 50,
    "choice_a": 44,
    "choice_b": 6,
    "choice_a_rate": 0.88,
    "choice_b_rate": 0.12,
    "bias_test_p_value": 3.243740565039843e-08,
    "significant_bias": true
  },
  "bradley_terry": {
    "task_strengths": {
      "0": 1.2500002084400854,
      "1": 1.2500006642615498,
      "2": 2.043670055998899e-27,
      "3": 2.0436700558934898e-27,
      "4": 1.249997434464889,
      "5": 1.249998072736763,
      "6": 1.2500037487064317,
      "7": 1.2499983907563277,
      "8": 1.2500005132600671,
      "9": 1.2500000008674024,
      "10": 1.2500006779833939,
      "11": 1.2500002794059015,
      "12": 1.2499998956805918,
      "13": 1.2500005092774336,
      "14": 5.947482206515377e-28,
      "15": 1.250000575572765,
      "16": 1.249999386668954,
      "17": 1.2500000346425233,
      "18": 1.2499996046318915,
      "19": 2.6430282449578693e-09
    },
    "ranking": [
      [
        "college_chemistry",
        1.2500037487064317,
        6
      ],
      [
        "college_physics",
        1.2500006779833939,
        10
      ],
      [
        "anatomy",
        1.2500006642615498,
        1
      ],
      [
        "elementary_mathematics",
        1.250000575572765,
        15
      ],
      [
        "college_mathematics",
        1.2500005132600671,
        8
      ],
      [
        "econometrics",
        1.2500005092774336,
        13
      ],
      [
        "computer_security",
        1.2500002794059015,
        11
      ],
      [
        "abstract_algebra",
        1.2500002084400854,
        0
      ],
      [
        "global_facts",
        1.2500000346425233,
        17
      ],
      [
        "college_medicine",
        1.2500000008674024,
        9
      ],
      [
        "conceptual_physics",
        1.2499998956805918,
        12
      ],
      [
        "high_school_biology",
        1.2499996046318915,
        18
      ],
      [
        "formal_logic",
        1.249999386668954,
        16
      ],
      [
        "college_computer_science",
        1.2499983907563277,
        7
      ],
      [
        "college_biology",
        1.249998072736763,
        5
      ],
      [
        "clinical_knowledge",
        1.249997434464889,
        4
      ],
      [
        "high_school_chemistry",
        2.6430282449578693e-09,
        19
      ],
      [
        "astronomy",
        2.043670055998899e-27,
        2
      ],
      [
        "business_ethics",
        2.0436700558934898e-27,
        3
      ],
      [
        "electrical_engineering",
        5.947482206515377e-28,
        14
      ]
    ],
    "convergence": false,
    "log_likelihood": -26.339592856716674
  },
  "transitivity": {
    "total_triplets": 1140,
    "violations": 0,
    "violation_rate": 0.0,
    "violation_details": []
  }
}